GENERATION_PROJECT,build_year,gen_predetermined_cap
g10390,2019,161.29549734523678
g10391,2019,161.29245919309238
g10392,2019,161.29245919309238
g10393,2019,161.29245919309238
g10394,2019,161.29245919309238
g10395,2019,161.29245919309238
g10396,2019,13.064054220842308
g10397,2019,99.10956805215972
g10398,2019,35.44510835112254
g10399,2019,35.44510835112254
g10400,2019,100.9133822330888
g10401,2019,136.58881825590868
g10402,2019,219.3545848243755
g10403,2019,219.3545848243755
g10404,2019,219.3545848243755
g10405,2019,219.3545848243755
g10406,2019,219.3545848243755
g10407,2019,219.3545848243755
g10408,2019,106.23405331522157
g10409,2019,106.23405331522157
g10410,2019,106.23405331522157
g10411,2019,106.23405331522157
g10412,2019,106.23405331522157
g10413,2019,106.23405331522157
g10414,2019,28.305450811825
g10415,2019,28.305450811825
g10416,2019,28.305450811825
g10417,2019,28.305450811825
g10418,2019,17.1351780943141
g10419,2019,17.1351780943141
g10420,2019,17.1351780943141
g10421,2019,17.1351780943141
g10422,2019,17.1351780943141
g10423,2019,165.76153326433572
g10424,2019,165.76153326433572
g10425,2019,81.01739051685152
g10426,2019,81.01739051685152
g10427,2019,81.01739051685152
g10428,2019,90.19070904645474
g10429,2019,414.5761144485439
g10430,2019,414.5730762963995
g10431,2019,414.5730762963995
g10432,2019,414.5730762963995
g10433,2019,414.5730762963995
g10434,2019,414.5761144485439
g10435,2019,41.01505394915608
g10436,2019,41.01505394915608
g10437,2019,41.01505394915608
g10438,2019,41.01505394915608
g10439,2019,56.30708640921181
g10440,2019,56.30708640921181
g10441,2019,0.11077109288741514
g10442,2019,267.36534637326804
g10443,2019,52.48407829419788
g10444,2019,52.48407829419788
g10445,2019,52.479014707290574
g10446,2019,52.48407829419788
g10447,2019,0.0504323674934573
g10448,2019,0.03602311963818379
g10449,2019,10.12717381460644
g10450,2019,14.988217245617532
g10451,2019,0.03302059261634117
g10452,2019,0.03302059261634117
g10453,2019,0.03302059261634117
g10454,2019,0.07096554568722206
g10455,2019,0.10482727814711483
g10456,2019,0.07096554568722206
g10457,2019,0.07096554568722206
g10458,2019,105.52312958435203
g10459,2019,43.43233388075903
g10460,2019,43.43233388075903
g10461,2019,43.43233388075903
g10462,2019,43.43233388075903
g10463,2019,98.00723716381414
g10464,2019,12.15260857752773
g10465,2019,12.15260857752773
g10466,2019,46.17991259460537
g10467,2019,46.17991259460537
g10468,2019,46.17991259460537
g10469,2019,46.17991259460537
g10470,2019,1096.9099791959536
g10471,2019,67.85206455786314
g10472,2019,67.85206455786314
g10473,2019,0.09131860828279591
g10474,2019,0.012968323069746164
g10475,2019,151.52039119804394
g10476,2019,136.71684649718694
g10477,2019,136.71684649718694
g10478,2019,136.71684649718694
g10479,2019,136.71684649718694
g10480,2019,136.71684649718694
g10481,2019,136.71684649718694
g10482,2019,92.59315304555103
g10483,2019,92.59315304555103
g10484,2019,0.11527398284218812
g10485,2019,12.962782482696245
g10486,2019,12.962782482696245
g10487,2019,12.962782482696245
g10488,2019,12.962782482696245
g10489,2019,12.962782482696245
g10490,2019,101.77809683679473
g10491,2019,101.77809683679473
g10492,2019,101.77809683679473
g10493,2019,101.77809683679473
g10494,2019,101.77809683679473
g10495,2019,101.77809683679473
g10496,2019,10.12717381460644
g10497,2019,730.0
g10498,2019,730.0
g10499,2019,151.9076072190966
g10500,2019,151.9076072190966
g10501,2019,15.19076072190966
g10502,2019,15.19076072190966
g10503,2019,10.12717381460644
g10504,2019,10.12717381460644
g10505,2019,64.36734373695222
g10506,2019,29.976434491235064
g10507,2019,29.976434491235064
g10508,2019,136.71684649718694
g10509,2019,136.71684649718694
g10510,2019,136.71684649718694
g10511,2019,136.71684649718694
g10512,2019,136.71684649718694
g10513,2019,136.71684649718694
g10514,2019,91.44745598874442
g10515,2019,39.26616276509869
g10516,2019,97.90502121801795
g10517,2019,97.90502121801795
g10518,2019,97.90502121801795
g10519,2019,97.90502121801795
g10520,2019,46.584999547189625
g10521,2019,46.584999547189625
g10522,2019,50.10594947025263
g10523,2019,173.03998081803584
g10524,2019,173.03998081803584
g10525,2019,173.03998081803584
g10526,2019,173.03998081803584
g10527,2019,173.04301897018024
g10528,2019,173.03998081803584
g10529,2019,9.519543385730055
g10530,2019,113.93070541432246
g10531,2019,113.93070541432246
g10532,2019,113.93070541432246
g10533,2019,113.93070541432246
g10534,2019,88.11451909621616
g10535,2019,88.11451909621616
g10536,2019,17.01365200853882
g10537,2019,7.59538036095483
g10538,2019,242.33575837017273
g10539,2019,242.33575837017273
g10540,2019,242.33575837017273
g10541,2019,50.10594947025263
g10542,2019,36.45782573258319
g10543,2019,36.45782573258319
g10544,2019,0.03242080767436541
g10545,2019,0.013508669864318921
g10546,2019,0.013508669864318921
g10547,2019,136.71684649718694
g10548,2019,136.71684649718694
g10549,2019,136.71684649718694
g10550,2019,136.71684649718694
g10551,2019,136.71684649718694
g10552,2019,136.71684649718694
g10553,2019,19.596081331263463
g10554,2019,19.596081331263463
g10555,2019,34.432390969661895
g10556,2019,34.432390969661895
g10557,2019,34.432390969661895
g10558,2019,34.432390969661895
g10559,2019,262.7555990220048
g10560,2019,343.4261776691115
g10561,2019,6.987749932078445
g10562,2019,6.987749932078445
g10563,2019,27.84972799016771
g10564,2019,27.0801122517922
g10565,2019,17.72255417556127
g10566,2019,17.72255417556127
g10567,2019,17.72255417556127
g10568,2019,17.72255417556127
g10569,2019,96.10321108394456
g10570,2019,136.58881825590868
g10571,2019,136.58881825590868
g10572,2019,199.42167889160547
g10573,2019,225.67107390753137
g10574,2019,225.67107390753137
g10575,2019,225.67107390753137
g10576,2019,20.887295992625784
g10577,2019,20.882232405718483
g10578,2019,20.882232405718483
g10579,2019,20.887295992625784
g10580,2019,25.317934536516102
g10581,2019,25.317934536516102
g10582,2019,148.0553060227793
g10583,2019,148.0553060227793
g10584,2019,21.874695439549914
g10585,2019,21.874695439549914
g10586,2019,12.962782482696245
g10587,2019,1096.2665654311472
g10588,2019,1096.2665654311472
g10589,2019,1096.2665654311472
g10590,2019,1096.2665654311472
g10591,2019,1096.2665654311472
g10592,2019,1096.2665654311472
g10593,2019,52.998538723979884
g10594,2019,52.998538723979884
g10595,2019,52.998538723979884
g10596,2019,52.998538723979884
g10597,2019,52.998538723979884
g10598,2019,52.998538723979884
g10599,2019,99.1236262693486
g10600,2019,99.1236262693486
g10601,2019,99.1236262693486
g10602,2019,0.026747166331351463
g10603,2019,0.026747166331351463
g10604,2019,0.026747166331351463
g10605,2019,0.026747166331351463
g10606,2019,12.15260857752773
g10607,2019,53.066390788537745
g10608,2019,53.066390788537745
g10609,2019,175.50392220712962
g10610,2019,175.50392220712962
g10611,2019,175.50392220712962
g10612,2019,175.50392220712962
g10613,2019,175.50392220712962
g10614,2019,175.50392220712962
g10615,2019,27.14082582314526
g10616,2019,258.30260917094097
g10617,2019,78.46591687041561
g10618,2019,78.46591687041561
g10619,2019,8.101739051685152
g10620,2019,8.101739051685152
g10621,2019,8.101739051685152
g10622,2019,8.101739051685152
g10623,2019,105.52312958435203
g10624,2019,105.52312958435203
g10625,2019,11.873587679631965
g10626,2019,11.873587679631965
g10627,2019,11.873587679631965
g10628,2019,11.873587679631965
g10629,2019,177.27484922575383
g10630,2019,204.43227383863072
g10631,2019,166.126073236956
g10632,2019,166.126073236956
g10633,2019,130.64054220842308
g10634,2019,130.64054220842308
g10635,2019,130.64054220842308
g10636,2019,130.64054220842308
g10637,2019,130.64054220842308
g10638,2019,130.64054220842308
g10639,2019,38.79174714067529
g10640,2019,38.79174714067529
g10641,2019,38.79174714067529
g10642,2019,99.66161954959271
g10643,2019,17.51228479841509
g10644,2019,50.246003186150276
g10645,2019,50.246003186150276
g10646,2019,39.20903315272632
g10647,2019,39.20903315272632
g10648,2019,39.20903315272632
g10649,2019,39.20903315272632
g10650,2019,39.20903315272632
g10651,2019,39.20903315272632
g10652,2019,123.99642229675769
g10653,2019,101.47915668423573
g10654,2019,168.08026228934642
g10655,2019,168.08026228934642
g10656,2019,168.07720782106765
g10657,2019,168.08026228934642
g10658,2019,168.08026228934642
g10659,2019,168.08026228934642
g10660,2019,101.68110525475163
g10661,2019,150.19924932119469
g10662,2019,150.19924932119469
g10663,2019,50.9078046465555
g10664,2019,50.9078046465555
g10665,2019,18.32680967275998
g10666,2019,7.395203414898993
g10667,2019,5.616610188530881
g10668,2019,7.395203414898993
g10669,2019,366.53619345519957
g10670,2019,366.53619345519957
g10671,2019,366.53619345519957
g10672,2019,366.53619345519957
g10673,2019,366.53619345519957
g10674,2019,366.53619345519957
g10675,2019,261.3935543515088
g10676,2019,261.3935543515088
g10677,2019,261.3935543515088
g10678,2019,9.628474608910082
g10679,2019,15.27234139396665
g10680,2019,15.27234139396665
g10681,2019,25.142597029228554
g10682,2019,25.142597029228554
g10683,2019,151.36045360166108
g10684,2019,151.36045360166108
g10685,2019,151.36045360166108
g10686,2019,9.087685673215141
g10687,2019,33.44199520424003
g10688,2019,33.44199520424003
g10689,2019,33.44199520424003
g10690,2019,33.44199520424003
g10691,2019,126.42138759097713
g10692,2019,126.42138759097713
g10693,2019,126.42444205925592
g10694,2019,109.05222807858169
g10695,2019,13.23602920810443
g10696,2019,13.23602920810443
g10697,2019,176.65108351083254
g10698,2019,176.65108351083254
g10699,2019,176.65108351083254
g10700,2019,176.65108351083254
g10701,2019,48.36241441422772
g10702,2019,48.36241441422772
g10703,2019,48.36241441422772
g10704,2019,48.36241441422772
g10705,2019,2.294786448456903
g10706,2019,2.2955888213409787
g10707,2019,2.0059322101896004
g10708,2019,2.2955888213409787
g10709,2019,2.2955888213409787
g10710,2019,2.294786448456903
g10711,2019,2.2955888213409787
g10712,2019,151.4558388246449
g10713,2019,151.4558388246449
g10714,2019,190.1530047038369
g10715,2019,190.1530047038369
g10716,2019,190.1530047038369
g10717,2019,4.346186455410801
g10718,2019,4.346186455410801
g10719,2019,5.2956610349005455
g10720,2019,4.346186455410801
g10721,2019,4.346186455410801
g10722,2019,97.94505670020763
g10723,2019,4.988084762671472
g10724,2019,4.988084762671472
g10725,2019,25.243571314486502
g10726,2019,9.996454240536655
g10727,2019,72.70148538572113
g10728,2019,25.962980369743306
g10729,2019,25.962980369743306
g10730,2019,12.217873115173319
g10731,2019,40.7262437172444
g10732,2019,40.7262437172444
g10733,2019,40.7262437172444
g10734,2019,15.27234139396665
g10735,2019,8.14524874344888
g10736,2019,8.094340938802324
g10737,2019,8.094340938802324
g10738,2019,104.00351381568439
g10739,2019,20.770384295794642
g10740,2019,20.770384295794642
g10741,2019,132.86937012750985
g10742,2019,132.86937012750985
g10743,2019,132.86937012750985
g10744,2019,11.19971702224221
g10745,2019,18.32680967275998
g10746,2019,15.27234139396665
g10747,2019,26.47205841620886
g10748,2019,99.86356812010861
g10749,2019,16.29049748689776
g10750,2019,16.29049748689776
g10751,2019,7.330723869103992
g10752,2019,9.996454240536655
g10753,2019,9.996454240536655
g10754,2019,10.097428525794601
g10755,2019,10.097428525794601
g10756,2019,202.95831336847147
g10757,2019,308.786379864147
g10758,2019,308.78943433242586
g10759,2019,308.78943433242586
g10760,2019,308.786379864147
g10761,2019,308.786379864147
g10762,2019,308.78943433242586
g10763,2019,3.566012554461059
g10764,2019,3.566012554461059
g10765,2019,3.566012554461059
g10766,2019,32.58099497379552
g10767,2019,99.66161954959271
g10768,2019,63.61379971250599
g10769,2019,41.39945695575786
g10770,2019,111.1320724984439
g10771,2019,111.1320724984439
g10772,2019,111.1320724984439
g10773,2019,111.1320724984439
g10774,2019,111.1320724984439
g10775,2019,111.1320724984439
g10776,2019,12.398562847830487
g10777,2019,14.901025073998108
g10778,2019,27.86832933686669
g10779,2019,40.7262437172444
g10780,2019,40.7262437172444
g10781,2019,10.1815609293111
g10782,2019,10.1815609293111
g10783,2019,24.944824276812195
g10784,2019,24.944824276812195
g10785,2019,14.457816519621762
g10786,2019,14.457816519621762
g10787,2019,14.457816519621762
g10788,2019,11.19971702224221
g10789,2019,75.7307139434595
g10790,2019,24.73869988819677
g10791,2019,19.955859421449755
g10792,2019,37.26451300127863
g10793,2019,37.26451300127863
g10794,2019,37.26451300127863
g10795,2019,24.130299402467305
g10796,2019,12.014241896587098
g10797,2019,197.18323604968927
g10798,2019,197.18629051796805
g10799,2019,197.18323604968927
g10800,2019,197.18629051796805
g10801,2019,197.18629051796805
g10802,2019,197.18323604968927
g10803,2019,163.22878611593347
g10804,2019,163.22878611593347
g10805,2019,39.19900957784773
g10806,2019,292.8254272480434
g10807,2019,292.8254272480434
g10808,2019,267.58185593355694
g10809,2019,2.0059322101896004
g10810,2019,2.9420339082780806
g10811,2019,2.9420339082780806
g10812,2019,2.9420339082780806
g10813,2019,274.70210346340025
g10814,2019,274.70210346340025
g10815,2019,642.0
g10816,2019,78.80611430967346
g10817,2019,16.27170781292853
g10818,2019,75.02441351025237
g10819,2019,100.66039920019645
g10820,2019,125.38786608786101
g10821,2019,231.3772399516835
g10822,2019,231.3772399516835
g10823,2019,231.3772399516835
g10824,2019,27.866210732379454
g10825,2019,55.36618482778106
g10826,2019,55.36618482778106
g10827,2019,55.36618482778106
g10828,2019,12.583223824495695
g10829,2019,12.583223824495695
g10830,2019,141.44687183787545
g10831,2019,141.44687183787545
g10832,2019,7.444572201993444
g10833,2019,89.65391951829248
g10834,2019,89.65391951829248
g10835,2019,28.395725399032138
g10836,2019,28.395725399032138
g10837,2019,28.395725399032138
g10838,2019,66.62892120784133
g10839,2019,66.62892120784133
g10840,2019,15.420899561272135
g10841,2019,19.568589788097054
g10842,2019,39.24353060765115
g10843,2019,39.24353060765115
g10844,2019,32.15332007582244
g10845,2019,32.15332007582244
g10846,2019,83.91096381961182
g10847,2019,83.91096381961182
g10848,2019,10.635103145704921
g10849,2019,10.635103145704921
g10850,2019,53.267333592279186
g10851,2019,53.267333592279186
g10852,2019,53.267333592279186
g10853,2019,14.463740278158692
g10854,2019,13.506580995045248
g10855,2019,8.720784579478034
g10856,2019,8.720784579478034
g10857,2019,41.051498142420996
g10858,2019,18.421839679061698
g10859,2019,18.421839679061698
g10860,2019,18.421839679061698
g10861,2019,74.44572201993445
g10862,2019,74.44572201993445
g10863,2019,54.983483263294445
g10864,2019,54.983483263294445
g10865,2019,34.83276341547431
g10866,2019,52.614523760436725
g10867,2019,34.83276341547431
g10868,2019,23.397226920550825
g10869,2019,35.09584038082624
g10870,2019,35.09584038082624
g10871,2019,36.441016195739536
g10872,2019,149.20019644297892
g10873,2019,58.386716269920015
g10874,2019,58.386716269920015
g10875,2019,12.868474806302954
g10876,2019,9.039837673849183
g10877,2019,8.082678390735738
g10878,2019,7.231870139079346
g10879,2019,7.125519107622297
g10880,2019,7.657274264907543
g10881,2019,10.847805208619018
g10882,2019,49.66593169044198
g10883,2019,62.69393304393051
g10884,2019,62.69393304393051
g10885,2019,75.93463646033314
g10886,2019,75.93463646033314
g10887,2019,62.74710855965903
g10888,2019,12.868474806302954
g10889,2019,26.162353738434106
g10890,2019,26.162353738434106
g10891,2019,26.162353738434106
g10892,2019,126.55772743388856
g10893,2019,126.55772743388856
g10894,2019,126.55772743388856
g10895,2019,126.55772743388856
g10896,2019,126.55772743388856
g10897,2019,126.55772743388856
g10898,2019,70.40438282456658
g10899,2019,70.40438282456658
g10900,2019,70.40438282456658
g10901,2019,7.125519107622297
g10902,2019,7.125519107622297
g10903,2019,17.113184401314147
g10904,2019,28.18642136687036
g10905,2019,10.635103145704921
g10906,2019,27.119513021547547
g10907,2019,56.47239770369313
g10908,2019,7.019168076165247
g10909,2019,7.444572201993444
g10910,2019,10.635103145704921
g10911,2019,10.635103145704921
g10912,2019,14.357389246701644
g10913,2019,14.357389246701644
g10914,2019,19.143185662268856
g10915,2019,61.73677376081706
g10916,2019,61.73677376081706
g10917,2019,206.5607229113442
g10918,2019,206.5607229113442
g10919,2019,206.5607229113442
g10920,2019,10.902105121543071
g10921,2019,10.902105121543071
g10922,2019,10.90512509526095
g10923,2019,13.891879102243248
g10924,2019,18.925168632041526
g10925,2019,20.133158119193112
g10926,2019,29.033831587774433
g10927,2019,23.397226920550825
g10928,2019,124.43070680474757
g10929,2019,124.43070680474757
g10930,2019,124.43070680474757
g10931,2019,103.90495773353707
g10932,2019,103.90495773353707
g10933,2019,103.90495773353707
g10934,2019,10.635103145704921
g10935,2019,55.36618482778106
g10936,2019,55.36618482778106
g10937,2019,12.281226452707799
g10938,2019,12.281226452707799
g10939,2019,19.126500213233456
g10940,2019,19.126500213233456
g10941,2019,48.22998011373367
g10942,2019,84.23001691398298
g10943,2019,45.79412253223197
g10944,2019,46.086425442012164
g10945,2019,41.47690226824919
g10946,2019,41.47690226824919
g10947,2019,41.47690226824919
g10948,2019,88.78722730564164
g10949,2019,88.78722730564164
g10950,2019,172.13718356956215
g10951,2019,172.13718356956215
g10952,2019,172.13718356956215
g10953,2019,47.742808597433324
g10954,2019,42.540412582819684
g10955,2019,78.51931666485314
g10956,2019,9.361918525424798
g10957,2019,11.475900127940076
g10958,2019,13.489215939859386
g10959,2019,20.133158119193112
g10960,2019,31.206395084749325
g10961,2019,95.71592831134429
g10962,2019,95.71592831134429
g10963,2019,82.10299628484199
g10964,2019,82.10299628484199
g10965,2019,213.57958793374226
g10966,2019,213.57958793374226
g10967,2019,213.57958793374226
g10968,2019,213.57958793374226
g10969,2019,213.58260790746013
g10970,2019,213.57958793374226
g10971,2019,42.11500845699149
g10972,2019,42.11500845699149
g10973,2019,11.475900127940076
g10974,2019,12.079894871515869
g10975,2019,13.841546206945265
g10976,2019,13.841546206945265
g10977,2019,23.96883860197673
g10978,2019,23.96883860197673
g10979,2019,35.495316677642776
g10980,2019,35.495316677642776
g10981,2019,35.495316677642776
g10982,2019,23.96883860197673
g10983,2019,12.868474806302954
g10984,2019,46.79445384110165
g10985,2019,42.87109343442992
g10986,2019,48.522283023513864
g10987,2019,48.522283023513864
g10988,2019,48.522283023513864
g10989,2019,28.08575557627439
g10990,2019,19.32783179442539
g10991,2019,9.059921153636902
g10992,2019,9.059921153636902
g10993,2019,29.24653365068853
g10994,2019,29.24653365068853
g10995,2019,29.24653365068853
g10996,2019,34.670436254998044
g10997,2019,44.56108218050362
g10998,2019,84.71912668462915
g10999,2019,84.71912668462915
g11000,2019,36.797456884139024
g11001,2019,10.635103145704921
g11002,2019,10.635103145704921
g11003,2019,31.79895840565771
g11004,2019,36.797456884139024
g11005,2019,7.531671642003258
g11006,2019,7.531671642003258
g11007,2019,7.531671642003258
g11008,2019,7.531671642003258
g11009,2019,7.531671642003258
g11010,2019,7.531671642003258
g11011,2019,27.115966597276927
g11012,2019,27.115966597276927
g11013,2019,27.115966597276927
g11014,2019,27.115966597276927
g11015,2019,27.115966597276927
g11016,2019,27.115966597276927
g11017,2019,13.081176869217053
g11018,2019,13.081176869217053
g11019,2019,13.081176869217053
g11020,2019,13.081176869217053
g11021,2019,37.64826513579542
g11022,2019,37.64826513579542
g11023,2019,37.64826513579542
g11024,2019,37.64826513579542
g11025,2019,85.93163341729576
g11026,2019,85.93163341729576
g11027,2019,167.5028745448525
g11028,2019,167.5028745448525
g11029,2019,201.68900774834077
g11030,2019,201.68900774834077
g11031,2019,201.68900774834077
g11032,2019,201.68900774834077
g11033,2019,56.74580804714631
g11034,2019,56.74580804714631
g11035,2019,56.74580804714631
g11036,2019,56.74580804714631
g11037,2019,229.82803452984842
g11038,2019,229.82803452984842
g11039,2019,229.82803452984842
g11040,2019,229.82803452984842
g11041,2019,330.72710211526993
g11042,2019,23.87203143087663
g11043,2019,17.90402357315747
g11044,2019,17.90402357315747
g11045,2019,10.841880941523135
g11046,2019,10.444013751008525
g11047,2019,201.27004024432247
g11048,2019,201.27004024432247
g11049,2019,201.27004024432247
g11050,2019,50.01302786339291
g11051,2019,50.01302786339291
g11052,2019,50.01302786339291
g11053,2019,13.153630940109181
g11054,2019,13.153630940109181
g11055,2019,5.754042314235221
g11056,2019,25.722656060657954
g11057,2019,25.722656060657954
g11058,2019,63.332297119044206
g11059,2019,63.332297119044206
g11060,2019,455.9633089661403
g11061,2019,455.9633089661403
g11062,2019,455.9633089661403
g11063,2019,220.29895967101376
g11064,2019,220.29895967101376
g11065,2019,220.29895967101376
g11066,2019,23.15313183707208
g11067,2019,27.4817608326986
g11068,2019,45.79412253223197
g11069,2019,45.79412253223197
g11070,2019,45.79412253223197
g11071,2019,48.61971732677394
g11072,2019,48.61971732677394
g11073,2019,48.61971732677394
g11074,2019,48.61971732677394
g11075,2019,7.7518291575139955
g11076,2019,7.7518291575139955
g11077,2019,7.7518291575139955
g11078,2019,58.94775347234115
g11079,2019,45.79412253223197
g11080,2019,36.60378152734416
g11081,2019,80.56810607920862
g11082,2019,80.56810607920862
g11083,2019,149.20019644297892
g11084,2019,206.23918971058595
g11085,2019,206.23918971058595
g11086,2019,206.23918971058595
g11087,2019,101.95346756936893
g11088,2019,45.79412253223197
g11089,2019,49.69149466263469
g11090,2019,36.859396923283725
g11091,2019,36.859396923283725
g11092,2019,36.859396923283725
g11093,2019,109.1556499422542
g11094,2019,109.1556499422542
g11095,2019,109.1556499422542
g11096,2019,13.884388214559692
g11097,2019,13.884388214559692
g11098,2019,26.696999093258633
g11099,2019,26.696999093258633
g11100,2019,16.11362121584172
g11101,2019,77.78303574560634
g11102,2019,32.47485327658067
g11103,2019,32.47485327658067
g11104,2019,32.47485327658067
g11105,2019,0.9291789849208051
g11106,2019,0.9291789849208051
g11107,2019,0.9291789849208051
g11108,2019,0.9291789849208051
g11109,2019,0.9291789849208051
g11110,2019,0.9291789849208051
g11111,2019,241.05246626540827
g11112,2019,212.7283143077065
g11113,2019,212.7283143077065
g11114,2019,212.7283143077065
g11115,2019,59.64928045581364
g11116,2019,59.64928045581364
g11117,2019,59.64928045581364
g11118,2019,59.64928045581364
g11119,2019,59.64928045581364
g11120,2019,15.589488521610882
g11121,2019,15.589488521610882
g11122,2019,77.78303574560634
g11123,2019,37.79738309888799
g11124,2019,43.8454364670306
g11125,2019,43.8454364670306
g11126,2019,43.8454364670306
g11127,2019,60.99387384080258
g11128,2019,60.99387384080258
g11129,2019,29.620028191060673
g11130,2019,17.830477496592447
g11131,2019,17.830477496592447
g11132,2019,17.830477496592447
g11133,2019,31.471279953001964
g11134,2019,31.471279953001964
g11135,2019,100.7598659978251
g11136,2019,47.742808597433324
g11137,2019,47.742808597433324
g11138,2019,26.696999093258633
g11139,2019,48.717151630034
g11140,2019,10.635103145704921
g11141,2019,17.22886709604197
g11142,2019,76.57274264907542
g11143,2019,36.33695691793
g11144,2019,8.366635644726061
g11145,2019,8.366635644726061
g11146,2019,8.366635644726061
g11147,2019,36.33695691793
g11148,2019,36.340147448873715
g11149,2019,53.1755157285246
g11150,2019,53.1755157285246
g11151,2019,20.133158119193112
g11152,2019,20.133158119193112
g11153,2019,20.133158119193112
g11154,2019,28.18642136687036
g11155,2019,105.22904752087345
g11156,2019,105.22904752087345
g11157,2019,105.22904752087345
g11158,2019,105.22904752087345
g11159,2019,148.35968888258364
g11160,2019,12.017666554646562
g11161,2019,12.017666554646562
g11162,2019,10.847805208619018
g11163,2019,10.847805208619018
g11164,2019,10.847805208619018
g11165,2019,30.19973717878967
g11166,2019,30.19973717878967
g11167,2019,30.19973717878967
g11168,2019,50.33289529798278
g11169,2019,20.334489700385042
g11170,2019,20.133158119193112
g11171,2019,20.133158119193112
g11172,2019,19.931826538001182
g11173,2019,53.1755157285246
g11174,2019,53.1755157285246
g11175,2019,21.37655732286689
g11176,2019,51.686601288125914
g11177,2019,54.4365452314
g11178,2019,54.4365452314
g11179,2019,54.4365452314
g11180,2019,54.4365452314
g11181,2019,37.09523977221877
g11182,2019,37.09523977221877
g11183,2019,37.09523977221877
g11184,2019,37.09523977221877
g11185,2019,37.09523977221877
g11186,2019,20.133158119193112
g11187,2019,19.126500213233456
g11188,2019,37.21990384534598
g11189,2019,26.696999093258633
g11190,2019,26.696999093258633
g11191,2019,71.78694623350822
g11192,2019,71.78694623350822
g11193,2019,11.485911397361315
g11194,2019,23.48230774571646
g11195,2019,23.47699019414361
g11196,2019,23.47699019414361
g11197,2019,23.48230774571646
g11198,2019,64.8912459712053
g11199,2019,64.8912459712053
g11200,2019,30.93459745014022
g11201,2019,30.937617423858097
g11202,2019,30.93459745014022
g11203,2019,39.88163679639345
g11204,2019,83.37920866232659
g11205,2019,83.37920866232659
g11206,2019,58.94775347234115
g11207,2019,58.94775347234115
g11208,2019,12.1792879075085
g11209,2019,17.635608890072312
g11210,2019,17.635608890072312
g11211,2019,47.742808597433324
g11212,2019,12.017666554646562
g11213,2019,40.945147110963944
g11214,2019,40.945147110963944
g11215,2019,40.945147110963944
g11216,2019,7.408459543825456
g11217,2019,7.408459543825456
g11218,2019,24.261141511756932
g11219,2019,24.261141511756932
g11220,2019,23.384232782416323
g11221,2019,39.88163679639345
g11222,2019,39.88163679639345
g11223,2019,75.15508339975297
g11224,2019,75.15508339975297
g11225,2019,75.15508339975297
g11226,2019,75.15508339975297
g11227,2019,75.15827393069668
g11228,2019,75.15508339975297
g11229,2019,20.133158119193112
g11230,2019,20.133158119193112
g11231,2019,39.88163679639345
g11232,2019,20.133158119193112
g11233,2019,20.133158119193112
g11234,2019,10.066579059596556
g11235,2019,19.126500213233456
g11236,2019,14.463740278158692
g11237,2019,27.757619210289842
g11238,2019,27.757619210289842
g11239,2019,58.49306730137706
g11240,2019,58.49306730137706
g11241,2019,683.9888088856775
g11242,2019,683.9888088856775
g11243,2019,227.02192659595846
g11244,2019,227.02192659595846
g11245,2019,227.02192659595846
g11246,2019,227.02192659595846
g11247,2019,227.02192659595846
g11248,2019,227.02192659595846
g11249,2019,30.19973717878967
g11250,2019,30.19973717878967
g11251,2019,30.19973717878967
g11252,2019,48.61971732677394
g11253,2019,54.359526921821406
g11254,2019,7.549934294697417
g11255,2019,22.649802884092253
g11256,2019,25.16644764899139
g11257,2019,25.16644764899139
g11258,2019,39.88163679639345
g11259,2019,52.34621110990209
g11260,2019,26.823663687496726
g11261,2019,26.823663687496726
g11262,2019,26.823663687496726
g11263,2019,44.81977949963129
g11264,2019,46.086425442012164
g11265,2019,58.94775347234115
g11266,2019,58.94775347234115
g11267,2019,212.48936085118433
g11268,2019,373.29212041424273
g11269,2019,373.29212041424273
g11270,2019,373.29212041424273
g11271,2019,48.22998011373367
g11272,2019,37.414772451866114
g11273,2019,87.1014947633233
g11274,2019,44.917213802891354
g11275,2019,44.917213802891354
g11276,2019,180.25346103112582
g11277,2019,101.23424108721066
g11278,2019,58.49306730137706
g11279,2019,58.49306730137706
g11280,2019,58.49306730137706
g11281,2019,10.066579059596556
g11282,2019,17.515847563698006
g11283,2019,18.119842307273803
g11284,2019,20.133158119193112
g11285,2019,20.133158119193112
g11286,2019,12.583223824495695
g11287,2019,12.583223824495695
g11288,2019,28.18642136687036
g11289,2019,97.62917186658815
g11290,2019,97.62917186658815
g11291,2019,97.62917186658815
g11292,2019,58.94775347234115
g11293,2019,159.5265471855738
g11294,2019,159.5265471855738
g11295,2019,8.58252823858387
g11296,2019,8.58252823858387
g11297,2019,8.57933770764016
g11298,2019,17.654271221870168
g11299,2019,17.654271221870168
g11300,2019,17.654271221870168
g11301,2019,17.654271221870168
g11302,2019,9.571592831134428
g11303,2019,100.5017247269115
g11304,2019,37.90194396816646
g11305,2019,49.10688884307427
g11306,2019,47.8402429006934
g11307,2019,47.8402429006934
g11308,2019,8.184481473845713
g11309,2019,8.184481473845713
g11310,2019,8.184481473845713
g11311,2019,8.184481473845713
g11312,2019,8.184481473845713
g11313,2019,8.184481473845713
g11314,2019,32.96881975168525
g11315,2019,51.686601288125914
g11316,2019,51.686601288125914
g11317,2019,22.33371660598033
g11318,2019,22.33371660598033
g11319,2019,101.03347988419675
g11320,2019,101.03347988419675
g11321,2019,8.057816879607625
g11322,2019,8.057816879607625
g11323,2019,8.057816879607625
g11324,2019,8.057816879607625
g11325,2019,8.057816879607625
g11326,2019,8.057816879607625
g11327,2019,68.10657797878754
g11328,2019,68.10657797878754
g11329,2019,45.411890432160014
g11330,2019,45.411890432160014
g11331,2019,45.411890432160014
g11332,2019,45.411890432160014
g11333,2019,223.58249569087806
g11334,2019,223.58249569087806
g11335,2019,223.58249569087806
g11336,2019,7.307572744505101
g11337,2019,785.3204842761481
g11338,2019,785.3204842761481
g11339,2019,28.255947945419724
g11340,2019,187.99224751815345
g11341,2019,59.680078577191566
g11342,2019,27.184170609558972
g11343,2019,27.184170609558972
g11344,2019,60.39947435757934
g11345,2019,33.46868316983336
g11346,2019,33.46868316983336
g11347,2019,50.2926289817444
g11348,2019,50.2926289817444
g11349,2019,50.2926289817444
g11350,2019,50.2926289817444
g11351,2019,50.2926289817444
g11352,2019,150.891132002666
g11353,2019,32.11238720011301
g11354,2019,34.22636880262829
g11355,2019,55.92729007127904
g11356,2019,134.28017679868103
g11357,2019,149.20019644297892
g11358,2019,149.20019644297892
g11359,2019,34.42770038382022
g11360,2019,34.42770038382022
g11361,2019,34.42770038382022
g11362,2019,65.7681547005459
g11363,2019,65.7681547005459
g11364,2019,65.7681547005459
g11365,2019,65.7681547005459
g11366,2019,65.7681547005459
g11367,2019,65.7681547005459
g11368,2019,11.692116391208161
g11369,2019,97.434303260068
g11370,2019,97.434303260068
g11371,2019,97.434303260068
g11372,2019,97.434303260068
g11373,2019,97.434303260068
g11374,2019,56.51189589083945
g11375,2019,254.68445020779288
g11376,2019,73.07572744505102
g11377,2019,62.41279016949865
g11378,2019,48.522283023513864
g11379,2019,110.73236965556212
g11380,2019,21.882695478303575
g11381,2019,76.48996737643387
g11382,2019,20.133158119193112
g11383,2019,20.133158119193112
g11384,2019,151.80264447918597
g11385,2019,151.80264447918597
g11386,2019,151.80264447918597
g11387,2019,151.80264447918597
g11388,2019,151.80264447918597
g11389,2019,3.974763406940063
g11390,2019,22.70219265959585
g11391,2019,22.70219265959585
g11392,2019,10.006502944808984
g11393,2019,10.006502944808984
g11394,2019,10.006502944808984
g11395,2019,23.773969995456593
g11396,2019,23.773969995456593
g11397,2019,58.94775347234115
g11398,2019,28.845371312309258
g11399,2019,46.55046129020942
g11400,2019,8.053263247677245
g11401,2019,12.079894871515869
g11402,2019,20.133158119193112
g11403,2019,20.133158119193112
g11404,2019,130.90298642990138
g11405,2019,130.90298642990138
g11406,2019,130.90298642990138
g11407,2019,130.90298642990138
g11408,2019,34.686611960584216
g11409,2019,48.522283023513864
g11410,2019,14.95616555042044
g11411,2019,14.95616555042044
g11412,2019,6.528098318424557
g11413,2019,47.41358737069978
g11414,2019,47.41358737069978
g11415,2019,47.41358737069978
g11416,2019,47.41358737069978
g11417,2019,47.41358737069978
g11418,2019,333.2253171494326
g11419,2019,45.299605768184506
g11420,2019,15.099868589394834
g11421,2019,8.556592200657073
g11422,2019,47.25563708113299
g11423,2019,18.430633751506626
g11424,2019,18.425316199933775
g11425,2019,18.425316199933775
g11426,2019,18.430633751506626
g11427,2019,8.579011295471288
g11428,2019,8.579011295471288
g11429,2019,29.840039288595783
g11430,2019,29.840039288595783
g11431,2019,28.845371312309258
g11432,2019,28.5469709194233
g11433,2019,24.866699407163154
g11434,2019,23.374697442733364
g11435,2019,22.38002946644684
g11436,2019,8.579011295471288
g11437,2019,8.579011295471288
g11438,2019,7.360543024520294
g11439,2019,10.89161434033746
g11440,2019,10.89161434033746
g11441,2019,14.024818465640019
g11442,2019,18.30189076367208
g11443,2019,21.086961097274354
g11444,2019,24.261141511756932
g11445,2019,24.261141511756932
g11446,2019,24.261141511756932
g11447,2019,24.261141511756932
g11448,2019,119.36015715438313
g11449,2019,15.914687620584418
g11450,2019,7.460009822148946
g11451,2019,6.863209036377031
g11452,2019,61.38361105384285
g11453,2019,61.38361105384285
g11454,2019,61.38361105384285
g11455,2019,61.38361105384285
g11456,2019,131.29617286982145
g11457,2019,14.920019644297891
g11458,2019,26.95550215736486
g11459,2019,35.23302670858795
g11460,2019,24.261141511756932
g11461,2019,24.261141511756932
g11462,2019,24.017555753606764
g11463,2019,24.017555753606764
g11464,2019,43.50441640562037
g11465,2019,43.50441640562037
g11466,2019,43.50441640562037
g11467,2019,43.50441640562037
g11468,2019,58.94775347234115
g11469,2019,58.94775347234115
g11470,2019,58.94775347234115
g11471,2019,58.94775347234115
g11472,2019,58.94775347234115
g11473,2019,79.76946407901768
g11474,2019,79.76946407901768
g11475,2019,79.76946407901768
g11476,2019,7.549934294697417
g11477,2019,20.133158119193112
g11478,2019,20.133158119193112
g11479,2019,20.133158119193112
g11480,2019,149.20019644297892
g11481,2019,59.28221138667696
g11482,2019,44.81977949963129
g11483,2019,11.692116391208161
g11484,2019,51.571976715554
g11485,2019,51.571976715554
g11486,2019,51.571976715554
g11487,2019,12.081853604248433
g11488,2019,21.53298102047503
g11489,2019,149.20019644297892
g11490,2019,15.151034156940577
g11491,2019,15.151034156940577
g11492,2019,47.25563708113299
g11493,2019,17.538174586812243
g11494,2019,17.538174586812243
g11495,2019,167.1042200161364
g11496,2019,44.81977949963129
g11497,2019,320.65629202888385
g11498,2019,320.65629202888385
g11499,2019,320.65629202888385
g11500,2019,320.65629202888385
g11501,2019,10.328036145567209
g11502,2019,44.81977949963129
g11503,2019,13.962335657167745
g11504,2019,13.962335657167745
g11505,2019,13.962335657167745
g11506,2019,29.249777838672415
g11507,2019,29.249777838672415
g11508,2019,29.249777838672415
g11509,2019,29.249777838672415
g11510,2019,29.249777838672415
g11511,2019,29.249777838672415
g11512,2019,44.81977949963129
g11513,2019,212.40678110694827
g11514,2019,212.40678110694827
g11515,2019,134.45933849889386
g11516,2019,56.99906740713978
g11517,2019,9.743430326006802
g11518,2019,53.44271533814731
g11519,2019,53.44271533814731
g11520,2019,149.20019644297892
g11521,2019,196.62242397881727
g11522,2019,196.62242397881727
g11523,2019,196.62242397881727
g11524,2019,44.81977949963129
g11525,2019,204.61203684614281
g11526,2019,204.61203684614281
g11527,2019,204.61203684614281
g11528,2019,58.94775347234115
g11529,2019,9.353693112966528
g11530,2019,9.353693112966528
g11531,2019,9.353693112966528
g11532,2019,9.353693112966528
g11533,2019,37.707075361646325
g11534,2019,8.574218686885986
g11535,2019,8.574218686885986
g11536,2019,14.585915198032183
g11537,2019,14.585915198032183
g11538,2019,14.585915198032183
g11539,2019,14.585915198032183
g11540,2019,15.102317005310542
g11541,2019,15.102317005310542
g11542,2019,26.96007171206082
g11543,2019,26.96007171206082
g11544,2019,26.96007171206082
g11545,2019,39.45623267056526
g11546,2019,39.45623267056526
g11547,2019,20.844802165581648
g11548,2019,161.13621215841724
g11549,2019,28.689750319850187
g11550,2019,28.689750319850187
g11551,2019,35.23302670858795
g11552,2019,11.173902756152177
g11553,2019,312.1113036329758
g11554,2019,312.1113036329758
g11555,2019,312.1113036329758
g11556,2019,312.1113036329758
g11557,2019,312.1113036329758
g11558,2019,312.1113036329758
g11559,2019,43.8454364670306
g11560,2019,43.8454364670306
g11561,2019,13.786953911299625
g11562,2019,13.786953911299625
g11563,2019,46.963334171352784
g11564,2019,167.1042200161364
g11565,2019,101.45613358122567
g11566,2019,89.52011786578736
g11567,2019,11.289481530852072
g11568,2019,11.289481530852072
g11569,2019,8.653611393692776
g11570,2019,188.8276797180118
g11571,2019,188.8276797180118
g11572,2019,1077.3283529431071
g11573,2019,1077.3283529431071
g11574,2019,13.056196636849114
g11575,2019,13.056196636849114
g11576,2019,21.9227182335153
g11577,2019,117.96017342035246
g11578,2019,117.96017342035246
g11579,2019,117.96017342035246
g11580,2019,117.96017342035246
g11581,2019,117.96017342035246
g11582,2019,66.43942179333727
g11583,2019,226.49802884092253
g11584,2019,200.32492328597147
g11585,2019,200.32492328597147
g11586,2019,584.6058195604081
g11587,2019,297.2720592464675
g11588,2019,292.30290978020406
g11589,2019,292.30290978020406
g11590,2019,75.99875654285304
g11591,2019,75.99875654285304
g11592,2019,75.99875654285304
g11593,2019,224.09889749815642
g11594,2019,224.09889749815642
g11595,2019,204.5828065551648
g11596,2019,204.5828065551648
g11597,2019,204.5828065551648
g11598,2019,105.4239161273936
g11599,2019,105.4239161273936
g11600,2019,105.4239161273936
g11601,2019,105.4239161273936
g11602,2019,105.4239161273936
g11603,2019,105.4239161273936
g11604,2019,38.096812574686595
g11605,2019,34.88148056710435
g11606,2019,34.88148056710435
g11607,2019,34.88148056710435
g11608,2019,288.21129524860334
g11609,2019,288.21129524860334
g11610,2019,288.21129524860334
g11611,2019,288.21129524860334
g11612,2019,288.21129524860334
g11613,2019,288.21129524860334
g11614,2019,59.55657761594755
g11615,2019,21.323381807138368
g11616,2019,7.019168076165247
g11617,2019,7.444572201993444
g11618,2019,7.444572201993444
g11619,2019,10.103347988419674
g11620,2019,21.323381807138368
g11621,2019,20.850940897654553
g11622,2019,20.850940897654553
g11623,2019,101.45613358122567
g11624,2019,267.3597281456266
g11625,2019,267.3597281456266
g11626,2019,267.3597281456266
g11627,2019,44.81977949963129
g11628,2019,9.039837673849183
g11629,2019,10.528752114247872
g11630,2019,14.889144403986888
g11631,2019,14.889144403986888
g11632,2019,14.889144403986888
g11633,2019,11.698613460275412
g11634,2019,10.74145417716197
g11635,2019,30.594371223661355
g11636,2019,30.594371223661355
g11637,2019,30.594371223661355
g11638,2019,137.2641807275406
g11639,2019,44.544612338714764
g11640,2019,44.544612338714764
g11641,2019,44.544612338714764
g11642,2019,44.544612338714764
g11643,2019,55.92729007127904
g11644,2019,29.356955572258492
g11645,2019,29.356955572258492
g11646,2019,29.356955572258492
g11647,2019,29.356955572258492
g11648,2019,39.94806433662789
g11649,2019,39.94806433662789
g11650,2019,39.94806433662789
g11651,2019,140.9321068343518
g11652,2019,140.9321068343518
g11653,2019,20.133158119193112
g11654,2019,10.066579059596556
g11655,2019,57.38880462018006
g11656,2019,49.236064826183046
g11657,2019,58.94775347234115
g11658,2019,12.079894871515869
g11659,2019,12.079894871515869
g11660,2019,21.743810768728565
g11661,2019,14.898537008202904
g11662,2019,14.898537008202904
g11663,2019,52.6280753235708
g11664,2019,52.63109529728868
g11665,2019,52.63109529728868
g11666,2019,52.6280753235708
g11667,2019,52.6280753235708
g11668,2019,52.63109529728868
g11669,2019,41.897102046040864
g11670,2019,41.897102046040864
g11671,2019,41.89408207232299
g11672,2019,41.89408207232299
g11673,2019,41.89408207232299
g11674,2019,41.89408207232299
g11675,2019,29.326964774322647
g11676,2019,29.323944800604767
g11677,2019,29.326964774322647
g11678,2019,29.326964774322647
g11679,2019,29.326964774322647
g11680,2019,29.323944800604767
g11681,2019,16.10652649535449
g11682,2019,16.10652649535449
g11683,2019,16.10652649535449
g11684,2019,16.10652649535449
g11685,2019,49.73339881432631
g11686,2019,134.28816465501808
g11687,2019,129.90915653664868
g11688,2019,129.90915653664868
g11689,2019,129.90915653664868
g11690,2019,129.90915653664868
g11691,2019,129.90915653664868
g11692,2019,129.90915653664868
g11693,2019,7.015269834724897
g11694,2019,51.64018072783605
g11695,2019,51.64018072783605
g11696,2019,168.36647603339753
g11697,2019,168.36647603339753
g11698,2019,168.36647603339753
g11699,2019,168.36647603339753
g11700,2019,168.36647603339753
g11701,2019,168.36647603339753
g11702,2019,25.04061593783748
g11703,2019,25.04061593783748
g11704,2019,324.4562298560265
g11705,2019,324.4562298560265
g11706,2019,7.112704137984965
g11707,2019,48.522283023513864
g11708,2019,22.897061266115983
g11709,2019,20.971704154857505
g11710,2019,20.971704154857505
g11711,2019,20.971704154857505
g11712,2019,47.45050568765313
g11713,2019,57.486238923440126
g11714,2019,57.486238923440126
g11715,2019,2.1673906221612955
g11716,2019,2.1673906221612955
g11717,2019,2.1673906221612955
g11718,2019,1.5607709713115427
g11719,2019,1.5607709713115427
g11720,2019,19.486860652013604
g11721,2019,9.25625880970646
g11722,2019,9.25625880970646
g11723,2019,36.03835303335567
g11724,2019,44.76005893289368
g11725,2019,54.25886113122544
g11726,2019,10.066579059596556
g11727,2019,6.711388259033024
g11728,2019,6.714408232750903
g11729,2019,6.714408232750903
g11730,2019,58.94775347234115
g11731,2019,55.86951378076089
g11732,2019,26.173105554951047
g11733,2019,8.671652990146054
g11734,2019,24.261141511756932
g11735,2019,24.261141511756932
g11736,2019,10.71777335860748
g11737,2019,10.71777335860748
g11738,2019,10.71777335860748
g11739,2019,92.61252734828832
g11740,2019,181.54933726448473
g11741,2019,181.54933726448473
g11742,2019,181.54933726448473
g11743,2019,207.53506594394486
g11744,2019,207.53506594394486
g11745,2019,207.53506594394486
g11746,2019,207.53506594394486
g11747,2019,19.486860652013604
g11748,2019,17.538174586812243
g11749,2019,48.61971732677394
g11750,2019,11.57656591853604
g11751,2019,36.03835303335567
g11752,2019,7.957343810292209
g11753,2019,19.893359525730524
g11754,2019,48.73873083803978
g11755,2019,8.401731485106888
g11756,2019,25.41789651823476
g11757,2019,73.43538722109247
g11758,2019,73.43538722109247
g11759,2019,73.43538722109247
g11760,2019,73.43538722109247
g11761,2019,92.61252734828832
g11762,2019,23.871404298716662
g11763,2019,23.871404298716662
g11764,2019,47.93767720395346
g11765,2019,52.0442137381142
g11766,2019,52.0442137381142
g11767,2019,52.0442137381142
g11768,2019,191.94557742233397
g11769,2019,191.94557742233397
g11770,2019,191.94557742233397
g11771,2019,133.8855014926342
g11772,2019,21.13981602515277
g11773,2019,18.220508097869768
g11774,2019,11.592262428818364
g11775,2019,11.592262428818364
g11776,2019,11.592262428818364
g11777,2019,47.742808597433324
g11778,2019,47.81625053308365
g11779,2019,263.984880906444
g11780,2019,12.471590817288707
g11781,2019,12.471590817288707
g11782,2019,19.633012106903703
g11783,2019,19.633012106903703
g11784,2019,148.38137533845324
g11785,2019,10.422401082790824
g11786,2019,10.422401082790824
g11787,2019,17.54792019041312
g11788,2019,17.54792019041312
g11789,2019,25.264566597677764
g11790,2019,18.898691549443996
g11791,2019,53.92014342412164
g11792,2019,53.92014342412164
g11793,2019,53.92014342412164
g11794,2019,53.92014342412164
g11795,2019,53.92014342412164
g11796,2019,79.5063914602155
g11797,2019,48.61971732677394
g11798,2019,48.61971732677394
g11799,2019,48.61971732677394
g11800,2019,9.090620494164346
g11801,2019,17.898681508874496
g11802,2019,17.898681508874496
g11803,2019,17.898681508874496
g11804,2019,9.090620494164346
g11805,2019,9.090620494164346
g11806,2019,33.12766310842312
g11807,2019,67.07663624780973
g11808,2019,67.07663624780973
g11809,2019,67.07663624780973
g11810,2019,10.912641965127616
g11811,2019,10.912641965127616
g11812,2019,10.912641965127616
g11813,2019,10.912641965127616
g11814,2019,48.522283023513864
g11815,2019,19.931826538001182
g11816,2019,19.931826538001182
g11817,2019,125.83223824495695
g11818,2019,125.83223824495695
g11819,2019,21.13981602515277
g11820,2019,9.743430326006802
g11821,2019,9.743430326006802
g11822,2019,9.743430326006802
g11823,2019,9.743430326006802
g11824,2019,30.19973717878967
g11825,2019,20.133158119193112
g11826,2019,13.891879102243248
g11827,2019,10.066579059596556
g11828,2019,10.972571174960247
g11829,2019,13.421769860160088
g11830,2019,20.133158119193112
g11831,2019,13.41874988644221
g11832,2019,13.41874988644221
g11833,2019,13.421769860160088
g11834,2019,13.421769860160088
g11835,2019,13.41874988644221
g11836,2019,70.15269834724897
g11837,2019,70.15269834724897
g11838,2019,22.33371660598033
g11839,2019,22.33371660598033
g11840,2019,36.03835303335567
g11841,2019,48.522283023513864
g11842,2019,58.68815591744792
g11843,2019,31.905309437114763
g11844,2019,31.905309437114763
g11845,2019,31.905309437114763
g11846,2019,31.905309437114763
g11847,2019,22.507324053075713
g11848,2019,22.507324053075713
g11849,2019,22.507324053075713
g11850,2019,22.507324053075713
g11851,2019,47.742808597433324
g11852,2019,47.742808597433324
g11853,2019,47.742808597433324
g11854,2019,47.742808597433324
g11855,2019,48.61971732677394
g11856,2019,10.912641965127616
g11857,2019,10.912641965127616
g11858,2019,10.912641965127616
g11859,2019,10.912641965127616
g11860,2019,58.94775347234115
g11861,2019,58.94775347234115
g11862,2019,45.79412253223197
g11863,2019,223.6117259818561
g11864,2019,223.6117259818561
g11865,2019,223.6117259818561
g11866,2019,129.7582040781996
g11867,2019,191.28302416016552
g11868,2019,191.28302416016552
g11869,2019,191.28302416016552
g11870,2019,191.28302416016552
g11871,2019,191.28302416016552
g11872,2019,17.538174586812243
g11873,2019,12.483083102395904
g11874,2019,15.914687620584418
g11875,2019,7.261076226891641
g11876,2019,12.483083102395904
g11877,2019,22.280562668818185
g11878,2019,43.16859017083523
g11879,2019,212.40678110694827
g11880,2019,212.40678110694827
g11881,2019,7.249112162549061
g11882,2019,7.249112162549061
g11883,2019,7.249112162549061
g11884,2019,7.249112162549061
g11885,2019,7.249112162549061
g11886,2019,9.30014557827902
g11887,2019,9.30014557827902
g11888,2019,33.12244361034132
g11889,2019,33.12244361034132
g11890,2019,11.637615322552355
g11891,2019,11.637615322552355
g11892,2019,55.36618482778106
g11893,2019,23.15313183707208
g11894,2019,18.62317126025363
g11895,2019,9.059921153636902
g11896,2019,12.079894871515869
g11897,2019,48.61971732677394
g11898,2019,48.61971732677394
g11899,2019,42.87109343442992
g11900,2019,39.48831865857509
g11901,2019,16.41202160872768
g11902,2019,29.740572490967132
g11903,2019,61.172080541621355
g11904,2019,30.83470726488231
g11905,2019,134.28816465501808
g11906,2019,48.717151630034
g11907,2019,48.717151630034
g11908,2019,48.717151630034
g11909,2019,48.717151630034
g11910,2019,10.230601842307141
g11911,2019,10.230601842307141
g11912,2019,398.9934718499785
g11913,2019,398.9934718499785
g11914,2019,21.190280229742598
g11915,2019,21.190280229742598
g11916,2019,30.09019792623449
g11917,2019,30.09019792623449
g11918,2019,30.09019792623449
g11919,2019,19.07125220676834
g11920,2019,14.126853486495065
g11921,2019,16.66968711406418
g11922,2019,16.66968711406418
g11923,2019,21.320405264652976
g11924,2019,21.320405264652976
g11925,2019,21.320405264652976
g11926,2019,21.320405264652976
g11927,2019,21.320405264652976
g11928,2019,21.320405264652976
g11929,2019,24.721993601366364
g11930,2019,11.619336992642191
g11931,2019,11.612273565898946
g11932,2019,11.619336992642191
g11933,2019,11.612273565898946
g11934,2019,16.95222418379408
g11935,2019,16.95222418379408
g11936,2019,42.380560459485196
g11937,2019,202.51121674083896
g11938,2019,202.51121674083896
g11939,2019,202.51121674083896
g11940,2019,101.43509137392294
g11941,2019,101.43509137392294
g11942,2019,242.0438485232832
g11943,2019,85.46746359329515
g11944,2019,18.364909532443587
g11945,2019,18.364909532443587
g11946,2019,21.190280229742598
g11947,2019,21.190280229742598
g11948,2019,283.55136800144953
g11949,2019,283.55136800144953
g11950,2019,14.55065909108992
g11951,2019,14.55065909108992
g11952,2019,46.12169302149418
g11953,2019,46.12169302149418
g11954,2019,46.12169302149418
g11955,2019,13.561779347035262
g11956,2019,13.561779347035262
g11957,2019,13.561779347035262
g11958,2019,13.561779347035262
g11959,2019,13.561779347035262
g11960,2019,26.18276299592842
g11961,2019,26.18276299592842
g11962,2019,26.18276299592842
g11963,2019,26.18276299592842
g11964,2019,31.079077670289145
g11965,2019,16.66968711406418
g11966,2019,16.66968711406418
g11967,2019,16.66968711406418
g11968,2019,16.66968711406418
g11969,2019,194.35289839977278
g11970,2019,194.35289839977278
g11971,2019,194.35289839977278
g11972,2019,294.85341547381773
g11973,2019,26.18276299592842
g11974,2019,26.18276299592842
g11975,2019,26.18276299592842
g11976,2019,26.18276299592842
g11977,2019,49.44398720273273
g11978,2019,49.44398720273273
g11979,2019,49.44398720273273
g11980,2019,49.44398720273273
g11981,2019,49.44398720273273
g11982,2019,49.44398720273273
g11983,2019,16.599052846631704
g11984,2019,16.599052846631704
g11985,2019,24.481837092095947
g11986,2019,24.481837092095947
g11987,2019,24.486075148141897
g11988,2019,106.94028089276765
g11989,2019,265.71098948963174
g11990,2019,265.71098948963174
g11991,2019,265.71098948963174
g11992,2019,265.71098948963174
g11993,2019,265.71098948963174
g11994,2019,265.71098948963174
g11995,2019,80.49540763185306
g11996,2019,80.49540763185306
g11997,2019,80.49540763185306
g11998,2019,28.25370697299013
g11999,2019,150.0
g12000,2019,161.6652362465676
g12001,2019,161.6652362465676
g12002,2019,161.6652362465676
g12003,2019,161.6652362465676
g12004,2019,161.6652362465676
g12005,2019,130.31553830129724
g12006,2019,92.46094119875013
g12007,2019,92.46094119875013
g12008,2019,14.197487753927541
g12009,2019,14.197487753927541
g12010,2019,144.45662342581198
g12011,2019,144.45662342581198
g12012,2019,144.45662342581198
g12013,2019,144.45662342581198
g12014,2019,144.45662342581198
g12015,2019,144.45662342581198
g12016,2019,104.93772938168736
g12017,2019,104.93772938168736
g12018,2019,104.93772938168736
g12019,2019,104.93772938168736
g12020,2019,104.93772938168736
g12021,2019,104.93772938168736
g12022,2019,241.01847931067138
g12023,2019,241.01847931067138
g12024,2019,241.01847931067138
g12025,2019,28.25370697299013
g12026,2019,22.602965578392105
g12027,2019,22.602965578392105
g12028,2019,22.602965578392105
g12029,2019,28.25370697299013
g12030,2019,68.52987406495599
g12031,2019,68.52987406495599
g12032,2019,68.52987406495599
g12033,2019,68.52987406495599
g12034,2019,65.07074708834392
g12035,2019,65.07074708834392
g12036,2019,65.07074708834392
g12037,2019,65.07074708834392
g12038,2019,65.07074708834392
g12039,2019,65.07074708834392
g12040,2019,44.26367002923499
g12041,2019,44.25943197318904
g12042,2019,44.26367002923499
g12043,2019,16.66968711406418
g12044,2019,217.77271091752678
g12045,2019,217.77271091752678
g12046,2019,217.77271091752678
g12047,2019,12.855436672710509
g12048,2019,12.855436672710509
g12049,2019,12.855436672710509
g12050,2019,12.855436672710509
g12051,2019,175.33333333333337
g12052,2019,175.33333333333337
g12053,2019,175.33333333333337
g12054,2019,175.33333333333337
g12055,2019,175.33333333333337
g12056,2019,175.33333333333337
g12057,2019,125.09421456301489
g12058,2019,125.09421456301489
g12059,2019,64.23321924625472
g12060,2019,64.23321924625472
g12061,2019,64.23321924625472
g12062,2019,166.9860770609975
g12063,2019,166.9860770609975
g12064,2019,166.9860770609975
g12065,2019,63.18877665688472
g12066,2019,63.18877665688472
g12067,2019,28.199949912989876
g12068,2019,28.199949912989876
g12069,2019,28.199949912989876
g12070,2019,28.199949912989876
g12071,2019,7.833319420274965
g12072,2019,7.833319420274965
g12073,2019,7.833319420274965
g12074,2019,7.833319420274965
g12075,2019,36.296655356277256
g12076,2019,111.61567635903921
g12077,2019,10.082404265632572
g12078,2019,10.082404265632572
g12079,2019,10.082404265632572
g12080,2019,10.082404265632572
g12081,2019,21.611657945771892
g12082,2019,50.25857740048417
g12083,2019,90.5531724983786
g12084,2019,50.25857740048417
g12085,2019,50.25857740048417
g12086,2019,50.25857740048417
g12087,2019,50.25857740048417
g12088,2019,51.021020490724275
g12089,2019,51.021020490724275
g12090,2019,22.11300261294971
g12091,2019,51.37993213766359
g12092,2019,51.37993213766359
g12093,2019,51.37993213766359
g12094,2019,51.37993213766359
g12095,2019,51.37993213766359
g12096,2019,152.48861804801933
g12097,2019,152.48861804801933
g12098,2019,60.47322592452273
g12099,2019,60.47322592452273
g12100,2019,60.47322592452273
g12101,2019,56.39989982597975
g12102,2019,56.39989982597975
g12103,2019,19.594569870833183
g12104,2019,21.611657945771892
g12105,2019,246.4884510913189
g12106,2019,246.4884510913189
g12107,2019,246.4884510913189
g12108,2019,348.1315238950588
g12109,2019,348.1315238950588
g12110,2019,172.83726180236553
g12111,2019,172.83726180236553
g12112,2019,69.13490472094621
g12113,2019,36.23651807493713
g12114,2019,36.23651807493713
g12115,2019,36.23651807493713
g12116,2019,36.23651807493713
g12117,2019,28.815543927695856
g12118,2019,9.275811924381966
g12119,2019,54.74745516238486
g12120,2019,37.172051666727654
g12121,2019,37.172051666727654
g12122,2019,37.172051666727654
g12123,2019,37.172051666727654
g12124,2019,37.172051666727654
g12125,2019,70.88495575221239
g12126,2019,680.4196321249008
g12127,2019,680.4196321249008
g12128,2019,680.4196321249008
g12129,2019,25.357678656372357
g12130,2019,40.82154030517033
g12131,2019,40.81721797358118
g12132,2019,40.82154030517033
g12133,2019,40.81721797358118
g12134,2019,40.82154030517033
g12135,2019,40.82154030517033
g12136,2019,191.68654842707525
g12137,2019,191.68654842707525
g12138,2019,191.68654842707525
g12139,2019,191.68654842707525
g12140,2019,191.68654842707525
g12141,2019,191.68654842707525
g12142,2019,55.45990149554675
g12143,2019,55.45990149554675
g12144,2019,28.147727783521375
g12145,2019,28.147727783521375
g12146,2019,28.147727783521375
g12147,2019,28.147727783521375
g12148,2019,27.374766731311063
g12149,2019,135.91331415471748
g12150,2019,135.91331415471748
g12151,2019,135.91331415471748
g12152,2019,77.60208439019065
g12153,2019,77.60208439019065
g12154,2019,77.60208439019065
g12155,2019,126.37755331376944
g12156,2019,126.37755331376944
g12157,2019,126.37755331376944
g12158,2019,126.37755331376944
g12159,2019,126.37755331376944
g12160,2019,126.37755331376944
g12161,2019,12.966994767463136
g12162,2019,15.560393720955764
g12163,2019,240.77535012746503
g12164,2019,240.77535012746503
g12165,2019,240.77535012746503
g12166,2019,1229.8833821678386
g12167,2019,1229.8833821678386
g12168,2019,1229.8833821678386
g12169,2019,201.708807493871
g12170,2019,201.708807493871
g12171,2019,146.82694838406837
g12172,2019,93.535459328339
g12173,2019,93.535459328339
g12174,2019,93.535459328339
g12175,2019,22.87551994443073
g12176,2019,22.87551994443073
g12177,2019,32.69105304728085
g12178,2019,32.69105304728085
g12179,2019,9.608871822203957
g12180,2019,88.77762009644961
g12181,2019,224.9416004726159
g12182,2019,224.9416004726159
g12183,2019,224.9416004726159
g12184,2019,9.399983304329957
g12185,2019,28.815543927695856
g12186,2019,374.01475109144246
g12187,2019,374.01475109144246
g12188,2019,374.01475109144246
g12189,2019,374.01475109144246
g12190,2019,215.49983946471116
g12191,2019,215.49983946471116
g12192,2019,215.49983946471116
g12193,2019,215.49983946471116
g12194,2019,215.49983946471116
g12195,2019,215.49983946471116
g12196,2019,105.31114628617662
g12197,2019,105.31114628617662
g12198,2019,105.31114628617662
g12199,2019,105.31114628617662
g12200,2019,105.31114628617662
g12201,2019,105.31114628617662
g12202,2019,230.82181225076897
g12203,2019,230.82181225076897
g12204,2019,230.82181225076897
g12205,2019,230.82181225076897
g12206,2019,230.82181225076897
g12207,2019,230.82181225076897
g12208,2019,230.66514586236346
g12209,2019,230.66514586236346
g12210,2019,230.66514586236346
g12211,2019,230.66514586236346
g12212,2019,230.66514586236346
g12213,2019,230.66514586236346
g12214,2019,39.18913974166637
g12215,2019,20.1708807493871
g12216,2019,14.407771963847928
g12217,2019,220.46890935530777
g12218,2019,220.47193407658744
g12219,2019,220.47193407658744
g12220,2019,220.47193407658744
g12221,2019,220.46890935530777
g12222,2019,220.46890935530777
g12223,2019,239.09154549327232
g12224,2019,239.09154549327232
g12225,2019,239.09154549327232
g12226,2019,239.09154549327232
g12227,2019,118.64867815243147
g12228,2019,118.64867815243147
g12229,2019,55.45990149554675
g12230,2019,55.45990149554675
g12231,2019,73.24778761061947
g12232,2019,13.107125545322344
g12233,2019,25.213600936733876
g12234,2019,25.213600936733876
g12235,2019,100.62239457101306
g12236,2019,9.981580222976246
g12237,2019,9.981580222976246
g12238,2019,9.981580222976246
g12239,2019,215.49983946471116
g12240,2019,215.49983946471116
g12241,2019,215.49983946471116
g12242,2019,215.49983946471116
g12243,2019,215.49983946471116
g12244,2019,215.49983946471116
g12245,2019,18.15379267444839
g12246,2019,198.49631410976764
g12247,2019,198.49631410976764
g12248,2019,198.49631410976764
g12249,2019,198.49631410976764
g12250,2019,198.49631410976764
g12251,2019,198.49631410976764
g12252,2019,15.848549160232722
g12253,2019,15.848549160232722
g12254,2019,174.66051381483274
g12255,2019,174.66051381483274
g12256,2019,174.66051381483274
g12257,2019,174.65748909355304
g12258,2019,174.65748909355304
g12259,2019,174.65748909355304
g12260,2019,46.10487028431337
g12261,2019,248.23267021556677
g12262,2019,248.23267021556677
g12263,2019,248.23267021556677
g12264,2019,21.323502506494936
g12265,2019,38.18059570419701
g12266,2019,240.77535012746503
g12267,2019,240.77535012746503
g12268,2019,240.77535012746503
g12269,2019,21.611657945771892
g12270,2019,227.82426201927709
g12271,2019,227.82426201927709
g12272,2019,227.82426201927709
g12273,2019,27.374766731311063
g12274,2019,24.49321233854148
g12275,2019,11.251580278128952
g12276,2019,238.6380232762898
g12277,2019,238.6380232762898
g12278,2019,238.6380232762898
g12279,2019,238.6380232762898
g12280,2019,238.6380232762898
g12281,2019,238.6380232762898
g12282,2019,7.753693950405811
g12283,2019,54.17584867266586
g12284,2019,7.650311364400401
g12285,2019,12.922823250676352
g12286,2019,12.922823250676352
g12287,2019,44.868042326348295
g12288,2019,44.868042326348295
g12289,2019,44.868042326348295
g12290,2019,44.868042326348295
g12291,2019,44.868042326348295
g12292,2019,21.61716171617162
g12293,2019,21.61716171617162
g12294,2019,465.763105197876
g12295,2019,764.6161086331498
g12296,2019,764.6161086331498
g12297,2019,6.527210683453718
g12298,2019,6.527210683453718
g12299,2019,228.81145584725536
g12300,2019,228.81145584725536
g12301,2019,143.0071599045346
g12302,2019,127.68496420047732
g12303,2019,127.68496420047732
g12304,2019,490.22149608744616
g12305,2019,490.22149608744616
g12306,2019,490.22149608744616
g12307,2019,223.64754830550524
g12308,2019,223.64754830550524
g12309,2019,223.64754830550524
g12310,2019,168.56959863364648
g12311,2019,10.472655962348115
g12312,2019,10.472655962348115
g12313,2019,10.472655962348115
g12314,2019,97.25543918346038
g12315,2019,97.25543918346038
g12316,2019,84.49188727583262
g12317,2019,72.36781020378757
g12318,2019,72.36781020378757
g12319,2019,119.28266438941077
g12320,2019,15.655849701110162
g12321,2019,14.473562040757514
g12322,2019,14.473562040757514
g12323,2019,14.473562040757514
g12324,2019,42.42686944244917
g12325,2019,42.42686944244917
g12326,2019,42.42686944244917
g12327,2019,42.42686944244917
g12328,2019,29.652185676261173
g12329,2019,73.40163606384168
g12330,2019,73.40163606384168
g12331,2019,73.40163606384168
g12332,2019,96.17681976083368
g12333,2019,96.17681976083368
g12334,2019,96.17681976083368
g12335,2019,483.6196887104672
g12336,2019,483.6196887104672
g12337,2019,16.54121376086573
g12338,2019,16.54121376086573
g12339,2019,16.54121376086573
g12340,2019,41.353034402164326
g12341,2019,41.353034402164326
g12342,2019,72.92189218921892
g12343,2019,72.92189218921892
g12344,2019,72.92189218921892
g12345,2019,456.4339701369558
g12346,2019,456.4339701369558
g12347,2019,456.4339701369558
g12348,2019,456.4339701369558
g12349,2019,18.66464339908953
g12350,2019,18.66464339908953
g12351,2019,11.572078907435511
g12352,2019,11.572078907435511
g12353,2019,11.572078907435511
g12354,2019,9.954476479514417
g12355,2019,125.40189873417721
g12356,2019,253.9037452926356
g12357,2019,7.478799034495141
g12358,2019,7.478799034495141
g12359,2019,7.478799034495141
g12360,2019,7.478799034495141
g12361,2019,7.478799034495141
g12362,2019,7.478799034495141
g12363,2019,102.92259649625565
g12364,2019,86.25107779964517
g12365,2019,86.25107779964517
g12366,2019,86.25107779964517
g12367,2019,42.72258722486084
g12368,2019,42.72258722486084
g12369,2019,14.564518372111648
g12370,2019,14.564518372111648
g12371,2019,14.564518372111648
g12372,2019,210.37961304569538
g12373,2019,210.37961304569538
g12374,2019,210.37961304569538
g12375,2019,154.86937869012053
g12376,2019,44.85693950177936
g12377,2019,26.647686832740213
g12378,2019,22.206405693950177
g12379,2019,16.654804270462634
g12380,2019,145.6451837211165
g12381,2019,6.651130056597652
g12382,2019,6.651130056597652
g12383,2019,248.81329113924048
g12384,2019,254.78481012658227
g12385,2019,29.51742390081294
g12386,2019,29.51742390081294
g12387,2019,29.51742390081294
g12388,2019,29.51742390081294
g12389,2019,26.216133069800968
g12390,2019,26.216133069800968
g12391,2019,45.15000695354611
g12392,2019,45.15000695354611
g12393,2019,45.15000695354611
g12394,2019,45.15000695354611
g12395,2019,139.33389242653476
g12396,2019,139.33389242653476
g12397,2019,808.2437899762847
g12398,2019,808.2437899762847
g12399,2019,115.91743772241993
g12400,2019,17.765124555160142
g12401,2019,67.95160142348755
g12402,2019,7.9619367100877
g12403,2019,7.9619367100877
g12404,2019,7.9619367100877
g12405,2019,32.52742436438268
g12406,2019,32.52742436438268
g12407,2019,49.83978186936606
g12408,2019,49.83978186936606
g12409,2019,49.83978186936606
g12410,2019,239.63253249310753
g12411,2019,103.90037416305633
g12412,2019,103.90037416305633
g12413,2019,46.10378388953193
g12414,2019,46.10378388953193
g12415,2019,46.10378388953193
g12416,2019,46.10378388953193
g12417,2019,46.10378388953193
g12418,2019,46.10378388953193
g12419,2019,358.25659708546675
g12420,2019,300.43481685703034
g12421,2019,237.84423001181568
g12422,2019,460.1753651466929
g12423,2019,460.1753651466929
g12424,2019,460.1753651466929
g12425,2019,238.44033083891296
g12426,2019,80.25698169190889
g12427,2019,80.25698169190889
g12428,2019,80.25698169190889
g12429,2019,80.25698169190889
g12430,2019,80.25698169190889
g12431,2019,80.25698169190889
g12432,2019,161.83382406644841
g12433,2019,50.061271607409445
g12434,2019,54.61997087688687
g12435,2019,54.61997087688687
g12436,2019,263.2404734345196
g12437,2019,263.2404734345196
g12438,2019,263.2404734345196
g12439,2019,263.2404734345196
g12440,2019,170.22002315003502
g12441,2019,170.22002315003502
g12442,2019,44.89052641875478
g12443,2019,32.27264872267236
g12444,2019,32.27264872267236
g12445,2019,18.361427613172943
g12446,2019,18.361427613172943
g12447,2019,89.41512406459236
g12448,2019,34.57384797164238
g12449,2019,196.44617037173992
g12450,2019,196.44617037173992
g12451,2019,299.0041748719969
g12452,2019,241.31691093757638
g12453,2019,241.31691093757638
g12454,2019,239.1556518314297
g12455,2019,42.03605791686129
g12456,2019,232.70471363545386
g12457,2019,232.70471363545386
g12458,2019,9.851855643481757
g12459,2019,9.851855643481757
g12460,2019,9.851855643481757
g12461,2019,28.87552780449632
g12462,2019,55.28814294331501
g12463,2019,55.28814294331501
g12464,2019,55.28814294331501
g12465,2019,55.28814294331501
g12466,2019,55.28814294331501
g12467,2019,55.28814294331501
g12468,2019,24.01759152159863
g12469,2019,24.01759152159863
g12470,2019,24.01759152159863
g12471,2019,24.01759152159863
g12472,2019,8.583278841662775
g12473,2019,30.371602055114437
g12474,2019,165.06305464736107
g12475,2019,165.06305464736107
g12476,2019,466.25363083932945
g12477,2019,93.54215099691874
g12478,2019,93.54215099691874
g12479,2019,193.1366679795195
g12480,2019,24.107425944342094
g12481,2019,24.107425944342094
g12482,2019,24.107425944342094
g12483,2019,10.894161606725831
g12484,2019,30.811770200840733
g12485,2019,93.54215099691874
g12486,2019,93.54215099691874
g12487,2019,23.051891944765966
g12488,2019,23.051891944765966
g12489,2019,23.051891944765966
g12490,2019,23.051891944765966
g12491,2019,23.051891944765966
g12492,2019,23.051891944765966
g12493,2019,174.7501386633011
g12494,2019,31.91089488634194
g12495,2019,31.91089488634194
g12496,2019,238.44033083891296
g12497,2019,47.318075665576835
g12498,2019,9.353573096683794
g12499,2019,47.318075665576835
g12500,2019,40.43787150100261
g12501,2019,40.43787150100261
g12502,2019,121.32574707771562
g12503,2019,121.32574707771562
g12504,2019,40.43787150100261
g12505,2019,40.43787150100261
g12506,2019,40.43787150100261
g12507,2019,40.43787150100261
g12508,2019,14.305464736104625
g12509,2019,14.305464736104625
g12510,2019,7.923026623073331
g12511,2019,7.923026623073331
g12512,2019,49.68205666316895
g12513,2019,41.76810073452256
g12514,2019,131.89926547743968
g12515,2019,153.88247639034628
g12516,2019,41.76810073452256
g12517,2019,95.29640354974312
g12518,2019,95.29640354974312
g12519,2019,12.544792153199442
g12520,2019,90.99431030828671
g12521,2019,47.53815973843999
g12522,2019,47.53815973843999
g12523,2019,181.98862061657343
g12524,2019,181.98862061657343
g12525,2019,54.2451752658527
g12526,2019,54.2451752658527
g12527,2019,60.80228436392281
g12528,2019,13.345832178548719
g12529,2019,13.345832178548719
g12530,2019,13.345832178548719
g12531,2019,86.2626061722558
g12532,2019,86.2626061722558
g12533,2019,110.04203643157405
g12534,2019,110.04203643157405
g12535,2019,277.0716086013792
g12536,2019,277.0716086013792
g12537,2019,277.0716086013792
g12538,2019,78.4613606351587
g12539,2019,78.4613606351587
g12540,2019,78.4613606351587
g12541,2019,61.14817652716867
g12542,2019,61.14817652716867
g12543,2019,25.47840688632028
g12544,2019,25.47840688632028
g12545,2019,25.47840688632028
g12546,2019,25.47840688632028
g12547,2019,32.27264872267236
g12548,2019,23.77984642723226
g12549,2019,23.77984642723226
g12550,2019,23.77984642723226
g12551,2019,23.77984642723226
g12552,2019,23.77984642723226
g12553,2019,23.77984642723226
g12554,2019,72.32291970669085
g12555,2019,72.32291970669085
g12556,2019,72.32291970669085
g12557,2019,16.506305464736105
g12558,2019,16.506305464736105
g12559,2019,16.506305464736105
g12560,2019,8.913404950957498
g12561,2019,239.01172174309977
g12562,2019,239.01172174309977
g12563,2019,71.53209925167388
g12564,2019,401.73115210485554
g12565,2019,401.73115210485554
g12566,2019,401.73115210485554
g12567,2019,35.40838912957857
g12568,2019,37.31591177628988
g12569,2019,37.31591177628988
g12570,2019,218.7867197052446
g12571,2019,218.7867197052446
g12572,2019,218.7867197052446
g12573,2019,247.8581676886242
g12574,2019,85.56847369522802
g12575,2019,85.56847369522802
g12576,2019,85.56847369522802
g12577,2019,85.56847369522802
g12578,2019,85.56847369522802
g12579,2019,229.65436696423797
g12580,2019,229.65436696423797
g12581,2019,229.65436696423797
g12582,2019,229.65436696423797
g12583,2019,230.0789107225747
g12584,2019,87.6581405025068
g12585,2019,33.82159987621848
g12586,2019,48.31657125174068
g12587,2019,39.84460931932127
g12588,2019,79.68921863864254
g12589,2019,39.10432766615148
g12590,2019,39.10432766615148
g12591,2019,118.83575738820983
g12592,2019,34.16671824230234
g12593,2019,481.82093819389246
g12594,2019,276.2526375631842
g12595,2019,276.2526375631842
g12596,2019,276.2526375631842
g12597,2019,13.229537366548044
g12598,2019,19.326628500696273
g12599,2019,28.529784929599263
g12600,2019,47.62633451957296
g12601,2019,57.519727680643676
g12602,2019,70.17406777038528
g12603,2019,400.73715822907366
g12604,2019,39.19080705505077
g12605,2019,39.19080705505077
g12606,2019,47.03367183324425
g12607,2019,39.19080705505077
g12608,2019,133.21568930837074
g12609,2019,6.803467041274107
g12610,2019,6.803467041274107
g12611,2019,6.803467041274107
g12612,2019,6.803467041274107
g12613,2019,6.803467041274107
g12614,2019,6.803467041274107
g12615,2019,14.941728494745476
g12616,2019,14.941728494745476
g12617,2019,113.88906080767447
g12618,2019,19.55670741141885
g12619,2019,608.1084274314812
g12620,2019,608.1084274314812
g12621,2019,608.1084274314812
g12622,2019,608.1084274314812
g12623,2019,118.83575738820983
g12624,2019,24.235316846986095
g12625,2019,24.235316846986095
g12626,2019,22.244976816074193
g12627,2019,22.244976816074193
g12628,2019,11.70788253477589
g12629,2019,8.780911901081918
g12630,2019,8.780911901081918
g12631,2019,8.818813468733296
g12632,2019,47.03367183324425
g12633,2019,8.818813468733296
g12634,2019,8.818813468733296
g12635,2019,8.818813468733296
g12636,2019,8.818813468733296
g12637,2019,8.818813468733296
g12638,2019,8.818813468733296
g12639,2019,8.818813468733296
g12640,2019,8.818813468733296
g12641,2019,92.03156428902987
g12642,2019,567.7856828003281
g12643,2019,567.7856828003281
g12644,2019,567.7856828003281
g12645,2019,115.74859007262829
g12646,2019,71.09438341327558
g12647,2019,71.09438341327558
g12648,2019,82.82840786012689
g12649,2019,82.82840786012689
g12650,2019,14.049459041731069
g12651,2019,14.049459041731069
g12652,2019,14.049459041731069
g12653,2019,20.137557959814533
g12654,2019,20.137557959814533
g12655,2019,20.137557959814533
g12656,2019,94.63094713338802
g12657,2019,42.330304649919825
g12658,2019,42.330304649919825
g12659,2019,42.330304649919825
g12660,2019,48.20190020179704
g12661,2019,48.20190020179704
g12662,2019,48.20190020179704
g12663,2019,48.20190020179704
g12664,2019,16.395204150271102
g12665,2019,16.395204150271102
g12666,2019,16.395204150271102
g12667,2019,16.395204150271102
g12668,2019,9.07201296315001
g12669,2019,14.755683735243991
g12670,2019,176.12918698537052
g12671,2019,10.600367735230632
g12672,2019,10.600367735230632
g12673,2019,153.6543688544248
g12674,2019,153.6543688544248
g12675,2019,38.104265402843595
g12676,2019,8.12457684495599
g12677,2019,8.12457684495599
g12678,2019,38.104265402843595
g12679,2019,36.867349065909615
g12680,2019,36.867349065909615
g12681,2019,36.870628106739666
g12682,2019,8.197602075135551
g12683,2019,8.197602075135551
g12684,2019,92.03973139339674
g12685,2019,92.03973139339674
g12686,2019,92.03973139339674
g12687,2019,64.99379267535693
g12688,2019,16.928615766604594
g12689,2019,19.044692737430168
g12690,2019,7.651095270126514
g12691,2019,13.662670125225917
g12692,2019,13.662670125225917
g12693,2019,10.580384854127871
g12694,2019,21.160769708255742
g12695,2019,21.160769708255742
g12696,2019,72.46680234419826
g12697,2019,72.46680234419826
g12698,2019,72.46680234419826
g12699,2019,72.46680234419826
g12700,2019,84.80294188184506
g12701,2019,84.80294188184506
g12702,2019,7.5745843174252485
g12703,2019,7.5745843174252485
g12704,2019,7.5691192493751585
g12705,2019,7.5691192493751585
g12706,2019,127.97003346091603
g12707,2019,127.97003346091603
g12708,2019,127.97003346091603
g12709,2019,127.97003346091603
g12710,2019,127.97003346091603
g12711,2019,22.672253258845437
g12712,2019,21.160769708255742
g12713,2019,10.580384854127871
g12714,2019,27.325340250451834
g12715,2019,27.325340250451834
g12716,2019,27.325340250451834
g12717,2019,79.80633147113595
g12718,2019,13.881272847229532
g12719,2019,13.881272847229532
g12720,2019,13.881272847229532
g12721,2019,8.744108880144587
g12722,2019,8.744108880144587
g12723,2019,8.744108880144587
g12724,2019,25.576518474422915
g12725,2019,22.571487688806123
g12726,2019,23.176081109042002
g12727,2019,23.176081109042002
g12728,2019,58.04096834264432
g12729,2019,145.73478366453978
g12730,2019,145.73478366453978
g12731,2019,145.73478366453978
g12732,2019,120.61638733705773
g12733,2019,23.176081109042002
g12734,2019,23.176081109042002
g12735,2019,10.930136100180734
g12736,2019,10.930136100180734
g12737,2019,10.930136100180734
g12738,2019,10.580384854127871
g12739,2019,10.580384854127871
g12740,2019,13.603351955307263
g12741,2019,12.091868404717566
g12742,2019,21.160769708255742
g12743,2019,21.160769708255742
g12744,2019,23.176081109042002
g12745,2019,23.176081109042002
g12746,2019,21.860272200361468
g12747,2019,21.860272200361468
g12748,2019,15.302190540253028
g12749,2019,15.302190540253028
g12750,2019,15.302190540253028
g12751,2019,22.672253258845437
g12752,2019,22.672253258845437
g12753,2019,14.624238320920783
g12754,2019,12.918077183480026
g12755,2019,30.16717563649883
g12756,2019,30.16717563649883
g12757,2019,30.16717563649883
g12758,2019,125.45313469894475
g12759,2019,33.66481918855666
g12760,2019,33.66481918855666
g12761,2019,33.66481918855666
g12762,2019,12.023149710198808
g12763,2019,12.023149710198808
g12764,2019,7.924348672631032
g12765,2019,12.023149710198808
g12766,2019,7.924348672631032
g12767,2019,28.800908623976234
g12768,2019,28.800908623976234
g12769,2019,21.67773892748845
g12770,2019,21.674459886658394
g12771,2019,21.674459886658394
g12772,2019,162.31813094571905
g12773,2019,162.31813094571905
g12774,2019,9.83712249016266
g12775,2019,9.83712249016266
g12776,2019,9.017362282649106
g12777,2019,9.017362282649106
g12778,2019,40.306228015725225
g12779,2019,12.091868404717566
g12780,2019,13.603351955307263
g12781,2019,19.649286157666047
g12782,2019,108.94032876951249
g12783,2019,108.94032876951249
g12784,2019,108.94032876951249
g12785,2019,108.94032876951249
g12786,2019,108.94032876951249
g12787,2019,58.55622089155022
g12788,2019,58.55622089155022
g12789,2019,58.55622089155022
g12790,2019,41.95296492933523
g12791,2019,8.30021552529619
g12792,2019,8.30021552529619
g12793,2019,8.30021552529619
g12794,2019,153.00787229389897
g12795,2019,13.935928274655586
g12796,2019,13.792258910999344
g12797,2019,157.25536528826743
g12798,2019,64.8454337913765
g12799,2019,64.8454337913765
g12800,2019,64.8454337913765
g12801,2019,64.8454337913765
g12802,2019,111.01538265083654
g12803,2019,111.01538265083654
g12804,2019,111.01538265083654
g12805,2019,111.01538265083654
g12806,2019,10.06401132442163
g12807,2019,17.222947214989595
g12808,2019,17.222947214989595
g12809,2019,17.222947214989595
g12810,2019,12.930242729061884
g12811,2019,14.366936365624316
g12812,2019,71.79686429381205
g12813,2019,71.79686429381205
g12814,2019,71.79686429381205
g12815,2019,38.4507484209346
g12816,2019,38.4507484209346
g12817,2019,38.4507484209346
g12818,2019,38.4507484209346
g12819,2019,38.4507484209346
g12820,2019,61.88289837732745
g12821,2019,14.366936365624316
g12822,2019,14.366936365624316
g12823,2019,15.061778597590598
g12824,2019,15.061778597590598
g12825,2019,15.064891178412585
g12826,2019,15.061778597590598
g12827,2019,15.061778597590598
g12828,2019,15.064891178412585
g12829,2019,516.9042099753234
g12830,2019,516.9042099753234
g12831,2019,516.9042099753234
g12832,2019,516.9042099753234
g12833,2019,7.914171656686625
g12834,2019,7.914171656686625
g12835,2019,7.914171656686625
g12836,2019,7.914171656686625
g12837,2019,7.914171656686625
g12838,2019,7.914171656686625
g12839,2019,61.214089499059405
g12840,2019,31.333313607993116
g12841,2019,31.333313607993116
g12842,2019,9.960258630355428
g12843,2019,9.960258630355428
g12844,2019,9.960258630355428
g12845,2019,9.960258630355428
g12846,2019,110.4758686416923
g12847,2019,110.4758686416923
g12848,2019,110.4758686416923
g12849,2019,110.4758686416923
g12850,2019,110.4758686416923
g12851,2019,148.69779138421168
g12852,2019,105.29193150377627
g12853,2019,271.5350973102996
g12854,2019,36.84630738522953
g12855,2019,8.715226301561
g12856,2019,8.715226301561
g12857,2019,8.715226301561
g12858,2019,8.715226301561
g12859,2019,8.715226301561
g12860,2019,8.715226301561
g12861,2019,7.781452054965178
g12862,2019,28.01322739787464
g12863,2019,28.01322739787464
g12864,2019,124.77856510186005
g12865,2019,162.24313551815766
g12866,2019,162.24313551815766
g12867,2019,162.24313551815766
g12868,2019,162.24313551815766
g12869,2019,162.24313551815766
g12870,2019,162.24313551815766
g12871,2019,147.25420726306467
g12872,2019,147.25420726306467
g12873,2019,147.25420726306467
g12874,2019,10.0
g13419,2019,80.83266269325023
g13420,2019,80.83266269325023
g13421,2019,80.83266269325023
g13422,2019,80.83266269325023
g13423,2019,80.83266269325023
g13424,2019,80.83266269325023
g13425,2019,80.83266269325023
g13426,2019,80.83266269325023
g13427,2019,80.83266269325023
g13428,2019,47.725667866759444
g13429,2019,47.725667866759444
g13430,2019,47.725667866759444
g13431,2019,47.725667866759444
g13432,2019,47.725667866759444
g13433,2019,47.725667866759444
g13434,2019,47.725667866759444
g13435,2019,47.725667866759444
g13436,2019,47.725667866759444
g13437,2019,35.06681693038453
g13438,2019,35.06681693038453
g13439,2019,35.06681693038453
g13440,2019,35.06681693038453
g13441,2019,24.707757238374732
g13442,2019,13.926545112585545
g13443,2019,18.87887257719032
g13444,2019,20.44961078313567
g13445,2019,19.669244031137342
g13446,2019,10.224805391567836
g13447,2019,20.839794159134833
g13448,2019,4.402068857426466
g13449,2019,17.698317747244133
g13450,2019,75.51549030876129
g13451,2019,38.93829998432683
g13452,2019,18.558722114832033
g13453,2019,18.16853873883287
g13454,2019,1.5707382059453525
g13455,2019,10.544955853926124
g13456,2019,10.544955853926124
g13457,2019,11.485397837103598
g13458,2019,37.12744893161276
g13459,2019,25.171830102920428
g13460,2019,9.284363408390362
g13911,2019,0.0
g13912,2019,0.0
g13913,2019,0.0
g13914,2019,0.0
g13915,2019,0.0
g13916,2019,0.0
g13917,2019,0.0
g13918,2019,0.0
g13919,2019,0.0
g13920,2019,0.0
g13921,2019,0.0
g13922,2019,0.0
g13923,2019,0.0
g13924,2019,0.0
g13925,2019,0.0
g13926,2019,0.0
g13927,2019,0.0
g13928,2019,0.0
g13929,2019,0.0
g13930,2019,0.0
g13931,2019,0.0
g13932,2019,0.0
g13933,2019,0.0
g13934,2019,0.0
g13935,2019,0.0
g13936,2019,0.0
g13937,2019,0.0
g13938,2019,0.0
g13939,2019,0.0
g13940,2019,0.0
g13941,2019,0.0
g13942,2019,0.0
g13943,2019,0.0
g13944,2019,0.0
g13951,2019,0.0
g13952,2019,0.0
g13953,2019,0.0
g13954,2019,0.0
g13955,2019,0.0
g13956,2019,0.0
g13957,2019,0.0
g13958,2019,0.0
g13959,2019,0.0
g13960,2019,0.0
g13961,2019,0.0
g13962,2019,0.0
g13963,2019,0.0
g13964,2019,0.0
g13965,2019,0.0
g13966,2019,0.0
g13967,2019,0.0
g13968,2019,0.0
g13969,2019,0.0
g13970,2019,0.0
g13971,2019,0.0
g13972,2019,0.0
g13973,2019,0.0
g13974,2019,0.0
g13975,2019,0.0
g13976,2019,0.0
g13977,2019,0.0
g13978,2019,0.0
g13979,2019,0.0
g13980,2019,0.0
g13981,2019,0.0
g13982,2019,0.0
g13983,2019,0.0
g13984,2019,0.0
g13985,2019,0.0
g13986,2019,0.0
g13987,2019,0.0
g13988,2019,0.0
g13989,2019,0.0
g13990,2019,0.0
g13991,2019,0.0
g13992,2019,0.0
g14007,2019,0.0
g14008,2019,0.0
g14009,2019,0.0
g14010,2019,0.0
g14011,2019,0.0
g14012,2019,0.0
g14013,2019,0.0
g14014,2019,0.0
g14015,2019,0.0
g14016,2019,0.0
g14017,2019,0.0
g14018,2019,0.0
g14019,2019,0.0
